video_id,title,published_date,year,month,title_length
KGVpKPNUdzA,Khabib vs Lex: Training with Khabib | FULL EXCLUSIVE FOOTAGE,2026-02-25,2026,2,60
YFjfBk8HI5o,OpenClaw: The Viral AI Agent that Broke the Internet - Peter Steinberger | Lex Fridman Podcast #491,2026-02-12,2026,2,99
EV7WhVT270Q,"State of AI in 2026: LLMs, Coding, Scaling Laws, China, Agents, GPUs, AGI | Lex Fridman Podcast #490",2026-01-31,2026,1,100
Z-FRe5AKmCU,Paul Rosolie: Uncontacted Tribes in the Amazon Jungle | Lex Fridman Podcast #489,2026-01-13,2026,1,80
14OPT6CcsH4,"Infinity, Paradoxes, Gödel Incompleteness &amp; the Mathematical Multiverse | Lex Fridman Podcast #488",2025-12-31,2025,12,102
_bBRVNkAfkQ,"Deciphering Secrets of Ancient Civilizations, Noah&#39;s Ark, and Flood Myths | Lex Fridman Podcast #487",2025-12-12,2025,12,104
Qp0rCU49lMs,Michael Levin: Hidden Reality of Alien Intelligence &amp; Biological Life | Lex Fridman Podcast #486,2025-11-30,2025,11,100
m_CFCyc2Shs,"David Kirtley: Nuclear Fusion, Plasma Physics, and the Future of Energy | Lex Fridman Podcast #485",2025-11-17,2025,11,98
7OLVwZeMCfY,"Julia Shaw: Criminal Psychology of Murder, Serial Killers, Memory &amp; Sex | Lex Fridman Podcast #483",2025-10-14,2025,10,102
qjPH9njnaVU,"Pavel Durov: Telegram, Freedom, Censorship, Money, Power &amp; Human Nature | Lex Fridman Podcast #482",2025-09-30,2025,9,102
-Qm1_On71Oo,"Dave Hone: T-Rex, Dinosaurs, Extinction, Evolution, and Jurassic Park | Lex Fridman Podcast #480",2025-09-04,2025,9,96
HsLgZzgpz9Y,"Dave Plummer: Programming, Autism, and Old-School Microsoft Stories | Lex Fridman Podcast #479",2025-08-29,2025,8,94
y3yAVZk3tyA,"Keyu Jin: China&#39;s Economy, Tariffs, Trade, Trump, Communism &amp; Capitalism | Lex Fridman Podcast #477",2025-08-13,2025,8,107
mO3ay4F3S60,Timeline for AGI: 2030 with 50% chance,2025-08-08,2025,8,38
U1H1Ob7jk8Q,Jack Weatherford: Genghis Khan and the Mongol Empire | Lex Fridman Podcast #476,2025-07-31,2025,7,79
-HzgcbRXUK8,"Demis Hassabis: Future of AI, Simulating Reality, Physics and Video Games | Lex Fridman Podcast #475",2025-07-23,2025,7,100
UbOjufRmpq4,Advice for beginner programmers,2025-07-18,2025,7,31
vagyIcmIGOQ,"DHH: Future of Programming, AI, Ruby on Rails, Productivity &amp; Parenting | Lex Fridman Podcast #474",2025-07-12,2025,7,102
HUkBz-cdB-k,"Terence Tao: Hardest Problems in Mathematics, Physics &amp; the Future of AI | Lex Fridman Podcast #472",2025-06-14,2025,6,103
b268x2kzefY,Lex Fridman tests Google XR glasses,2025-06-13,2025,6,35
9V6tWC4CdFQ,Sundar Pichai: CEO of Google and Alphabet | Lex Fridman Podcast #471,2025-06-05,2025,6,68
cp1lprZUQcE,"James Holland: World War II, Hitler, Churchill, Stalin &amp; Biggest Battles | Lex Fridman Podcast #470",2025-05-24,2025,5,103
4OyB3hFb2AA,"Oliver Anthony: Country Music, Blue-Collar America, Fame, Money, and Pain | Lex Fridman Podcast #469",2025-05-19,2025,5,100
DTPSeeKokdo,"Ezra Klein and Derek Thompson: Politics, Trump, AOC, Elon &amp; DOGE | Lex Fridman Podcast #462",2025-03-25,2025,3,95
tNZnLkRBYA8,"ThePrimeagen: Programming, AI, ADHD, Productivity, Addiction, and God | Lex Fridman Podcast #461",2025-03-22,2025,3,96
ZPUtA3W-7_I,"Narendra Modi: Prime Minister of India - Power, Democracy, War &amp; Peace | Lex Fridman Podcast #460",2025-03-16,2025,3,101
_1f-o0nqpEI,"DeepSeek, China, OpenAI, NVIDIA, xAI, TSMC, Stargate, and AI Megaclusters | Lex Fridman Podcast #459",2025-02-03,2025,2,100
OHWnPOKh_S0,"Marc Andreessen: Trump, Power, Tech, AI, Immigration &amp; Future of America | Lex Fridman Podcast #458",2025-01-26,2025,1,103
u321m25rKXc,"Volodymyr Zelenskyy: Ukraine, War, Peace, Putin, Trump, NATO, and Freedom | Lex Fridman Podcast #456",2025-01-05,2025,1,100
yhZAXXI83-4,Adam Frank: Alien Civilizations and the Search for Extraterrestrial Life | Lex Fridman Podcast #455,2024-12-22,2024,12,99
8NLzc9kobDk,"Javier Milei: President of Argentina - Freedom, Economics, and Corruption | Lex Fridman Podcast #453",2024-11-19,2024,11,100
ugvHCXCOmm4,"Dario Amodei: Anthropic CEO on Claude, AGI &amp; the Future of AI &amp; Humanity | Lex Fridman Podcast #452",2024-11-11,2024,11,107
abd5hguWKz0,"Rick Spence: CIA, KGB, Illuminati, Secret Societies, Cults &amp; Conspiracies | Lex Fridman Podcast #451",2024-10-30,2024,10,104
q8VePUwjB9Y,"Jordan Peterson: Nietzsche, Hitler, God, Psychopathy, Suffering &amp; Meaning | Lex Fridman Podcast #448",2024-10-11,2024,10,104
oFfVt3S51T4,Cursor Team: Future of Programming with AI | Lex Fridman Podcast #447,2024-10-06,2024,10,69
AzzE7GOvYz8,"Ed Barnhart: Maya, Aztec, Inca, and Lost Civilizations of South America | Lex Fridman Podcast #446",2024-09-30,2024,9,98
Q8Qk_3a3lUw,"Vivek Ramaswamy: Trump, Conservatism, Nationalism, Immigration, and War | Lex Fridman Podcast #445",2024-09-25,2024,9,98
s1oTH4Sjvzg,"Vejas Liulevicius: Communism, Marxism, Nazism, Stalin, Mao, and Hitler | Lex Fridman Podcast #444",2024-09-20,2024,9,97
DyoVVSggPjY,Gregory Aldrete: The Roman Empire - Rise and Fall of Ancient Rome | Lex Fridman Podcast #443,2024-09-12,2024,9,92
oFtjKbXKqbg,"Pieter Levels: Programming, Viral AI Startups, and Digital Nomad Life | Lex Fridman Podcast #440",2024-08-20,2024,8,96
J7aiEwp1x9k,"Craig Jones: Jiu Jitsu, $2 Million Prize, CJI, ADCC, Ukraine &amp; Trolling | Lex Fridman Podcast #439",2024-08-14,2024,8,102
Kbk9BiPhm7o,Elon Musk: Neuralink and the Future of Humanity | Lex Fridman Podcast #438,2024-08-02,2024,8,74
XJTMQtE-MIo,"Kevin Spacey: Power, Controversy, Betrayal, Truth &amp; Love in Film and Life | Lex Fridman Podcast #432",2024-06-05,2024,6,104
NNr6gPelJ3E,Roman Yampolskiy: Dangers of Superintelligent AI | Lex Fridman Podcast #431,2024-06-02,2024,6,75
4iuepdI3wCU,"Charan Ranganath: Human Memory, Imagination, Deja Vu, and False Memories | Lex Fridman Podcast #430",2024-05-25,2024,5,99
pwN8u6HFH8U,"Paul Rosolie: Jungle, Apex Predators, Aliens, Uncontacted Tribes, and God | Lex Fridman Podcast #429",2024-05-15,2024,5,100
tdv7r2JSokI,"Sean Carroll: General Relativity, Quantum Mechanics, Black Holes &amp; Aliens | Lex Fridman Podcast #428",2024-04-22,2024,4,104
sG8u6owzad4,"Bassem Youssef: Israel-Palestine, Gaza, Hamas, Middle East, Satire &amp; Fame | Lex Fridman Podcast #424",2024-04-05,2024,4,104
_El9riy9Zjw,"Tulsi Gabbard: War, Politics, and the Military Industrial Complex | Lex Fridman Podcast #423",2024-04-02,2024,4,92
GXgGR8KxFao,"Annie Jacobsen: Nuclear War, CIA, KGB, Aliens, Area 51, Roswell &amp; Secrecy | Lex Fridman Podcast #420",2024-03-22,2024,3,104
1X_KdkoGxSs,"Israel-Palestine Debate: Finkelstein, Destiny, M. Rabbani &amp; Benny Morris | Lex Fridman Podcast #418",2024-03-14,2024,3,103
5t1vTLU7s40,"Yann Lecun: Meta AI, Open Source, Limits of LLMs, AGI &amp; the Future of AI | Lex Fridman Podcast #416",2024-03-07,2024,3,103
qa-wl8_wpZA,"Serhii Plokhy: History of Ukraine, Russia, Soviet Union, KGB, Nazis &amp; War | Lex Fridman Podcast #415",2024-03-04,2024,3,104
f_lRdkH_QoY,"Tucker Carlson: Putin, Navalny, Trump, CIA, NSA, War, Politics &amp; Freedom | Lex Fridman Podcast #414",2024-02-27,2024,2,103
5VnbBCm_ZyQ,Marc Raibert: Boston Dynamics and the Future of Robotics | Lex Fridman Podcast #412,2024-02-16,2024,2,83
tYrdMjVXyNg,"Ben Shapiro vs Destiny Debate: Politics, Jan 6, Israel, Ukraine &amp; Wokeism | Lex Fridman Podcast #410",2024-01-23,2024,1,104
zMYvGf7BA9o,Matthew Cox: FBI Most Wanted Con Man - $55 Million in Bank Fraud | Lex Fridman Podcast #409,2024-01-17,2024,1,91
DcWqzZ3I2cY,Jeff Bezos: Amazon and Blue Origin | Lex Fridman Podcast #405,2023-12-14,2023,12,61
2yHr9DPnSzk,Michael Malice: Thanksgiving Pirate Special | Lex Fridman Podcast #402,2023-11-25,2023,11,70
r4wLXNydzeY,"John Mearsheimer: Israel-Palestine, Russia-Ukraine, China, NATO, and WW3 | Lex Fridman Podcast #401",2023-11-17,2023,11,99
JN3KPFbWCy8,"Elon Musk: War, AI, Aliens, Politics, Physics, Video Games, and Humanity | Lex Fridman Podcast #400",2023-11-09,2023,11,99
fUEjCXpOjPY,"James Sexton: Divorce Lawyer on Marriage, Relationships, Sex, Lies &amp; Love | Lex Fridman Podcast #396",2023-09-18,2023,9,104
eTBAxD6lt2g,"Andrew Huberman: Relationships, Drama, Betrayal, Sex, and Love | Lex Fridman Podcast #393",2023-08-17,2023,8,89
Mde2q7GFCrw,"Yuval Noah Harari: Human Nature, Intelligence, Power, and Conspiracies | Lex Fridman Podcast #390",2023-07-17,2023,7,97
XpC7SVDXimg,"Benjamin Netanyahu: Israel, Palestine, Power, Corruption, Hate, and Peace | Lex Fridman Podcast #389",2023-07-12,2023,7,100
NPtBkw5uD-0,"Robert F. Kennedy Jr: CIA, Power, Corruption, War, Freedom, and Meaning | Lex Fridman Podcast #388",2023-07-06,2023,7,98
1Wy-6z17up4,Mark Zuckerberg vs Lex Fridman in Jiu Jitsu,2023-06-25,2023,6,43
8qgIFD0PaWo,"Matthew McConaughey: Freedom, Truth, Family, Hardship, and Love | Lex Fridman Podcast #384",2023-06-13,2023,6,90
8TmV6KEYkK0,"Bert Kreischer: Comedy, Drinking, Rogan, Segura, Churchill &amp; Kim Jong Un | Lex Fridman Podcast #382",2023-06-05,2023,6,103
YDjOS0VHEr4,Neil Gershenfeld: Self-Replicating Robots and the Future of Fabrication | Lex Fridman Podcast #380,2023-05-28,2023,5,98
PdE-waSx-d8,"Stephen Wolfram: ChatGPT and the Nature of Truth, Reality &amp; Computation | Lex Fridman Podcast #376",2023-05-09,2023,5,102
2i31fDkaK9A,"David Pakman: Politics of Trump, Biden, Bernie, AOC, Socialism &amp; Wokeism | Lex Fridman Podcast #375",2023-05-06,2023,5,103
wMavKrA-4do,Manolis Kellis: Evolution of Human Civilization and Superintelligent AI | Lex Fridman Podcast #373,2023-04-21,2023,4,98
Osh0-J3T2nY,"Edward Frenkel: Reality is a Paradox - Mathematics, Physics, Truth &amp; Love | Lex Fridman Podcast #370",2023-04-10,2023,4,104
gPfriiHBBek,"Paul Rosolie: Amazon Jungle, Uncontacted Tribes, Anacondas, and Ayahuasca | Lex Fridman Podcast #369",2023-04-04,2023,4,100
qtOKrG_wK5A,"Shannon Curry: Johnny Depp &amp; Amber Heard Trial, Marriage, Dating &amp; Love | Lex Fridman Podcast #366",2023-03-21,2023,3,106
8EguLJgkc54,Chris Voss: FBI Hostage Negotiator | Lex Fridman Podcast #364,2023-03-10,2023,3,61
y3cw_9ELpQw,"Andrew Strominger: Black Holes, Quantum Gravity, and Theoretical Physics | Lex Fridman Podcast #359",2023-02-15,2023,2,99
cFSrxSBrgSc,"Aella: Sex Work, OnlyFans, Porn, Escorting, Dating, and Human Sexuality | Lex Fridman Podcast #358",2023-02-10,2023,2,98
jRBksDVs4tg,"Paul Conti: Narcissism, Sociopathy, Envy, and the Nature of Good and Evil | Lex Fridman Podcast #357",2023-02-07,2023,2,100
5eK5A_43pkE,"Tim Dodd: SpaceX, Starship, Rocket Engines, and Future of Space Travel | Lex Fridman Podcast #356",2023-02-02,2023,2,97
uZN5xjoS6TU,David Kipping: Alien Civilizations and Habitable Worlds | Lex Fridman Podcast #355,2023-01-28,2023,1,82
GvX-heRWFfA,"Jeremi Suri: Civil War, Slavery, Freedom, and Democracy | Lex Fridman Podcast #354",2023-01-25,2023,1,82
aJoRMFWn2Jk,Dennis Whyte: Nuclear Fusion and the Future of Energy | Lex Fridman Podcast #353,2023-01-21,2023,1,80
BOKCNUqbpH0,Omar Suleiman: Islam | Lex Fridman Podcast #352,2023-01-17,2023,1,47
NUkXluf3OYA,Michael Malice: Christmas Special | Lex Fridman Podcast #347,2022-12-15,2022,12,60
FhfmGM6hswI,Roger Gracie: Greatest Jiu Jitsu Competitor of All Time | Lex Fridman Podcast #343,2022-12-03,2022,12,82
kFQUDCgMjRc,"Chamath Palihapitiya: Money, Success, Startups, Energy, Poker &amp; Happiness | Lex Fridman Podcast #338",2022-11-15,2022,11,104
cdiD-9MMpb0,"Andrej Karpathy: Tesla AI, Self-Driving, Optimus, Aliens, and AGI | Lex Fridman Podcast #333",2022-10-29,2022,10,92
4AWLcxTGZPA,Kanye &#39;Ye&#39; West Interview | Lex Fridman Podcast #332,2022-10-24,2022,10,60
ZFntEFXKDHM,"Kate Darling: Social Robots, Ethics, Privacy and the Future of MIT | Lex Fridman Podcast #329",2022-10-15,2022,10,93
SK4kMPmgKW0,"Christopher Capozzola: World War I, Ideology, Propaganda, and Politics | Lex Fridman Podcast #320",2022-09-14,2022,9,97
tOtdJcco3YM,"Nick Lane: Origin of Life, Evolution, Aliens, Biology, and Consciousness | Lex Fridman Podcast #318",2022-09-07,2022,9,99
7uHGlfeCBbE,"Noam Chomsky: Putin, Ukraine, China, and Nuclear War | Lex Fridman Podcast #316",2022-08-31,2022,8,79
0ZO28NtkwwQ,Magnus Carlsen: Greatest Chess Player of All Time | Lex Fridman Podcast #315,2022-08-27,2022,8,76
sY8aFSY2zv4,"Jordan Peterson: Life, Death, Power, Fame, and Meaning | Lex Fridman Podcast #313",2022-08-19,2022,8,81
jdIyNMkusLE,"Duncan Trussell: Comedy, Sentient Robots, Suffering, Love &amp; Burning Man | Lex Fridman Podcast #312",2022-08-16,2022,8,102
T3FC7qIAGZk,Andrew Bustamante: CIA Spy | Lex Fridman Podcast #310,2022-08-08,2022,8,53
I845O57ZSy4,"John Carmack: Doom, Quake, VR, AGI, Programming, Video Games, and Rockets | Lex Fridman Podcast #309",2022-08-04,2022,8,100
qLDp-aYnR1Y,"Ryan Graves: UFOs, Fighter Jets, and Aliens | Lex Fridman Podcast #308",2022-08-01,2022,8,70
VBPTFlpv31k,"Brian Armstrong: Coinbase, Cryptocurrency, and Government Regulation | Lex Fridman Podcast #307",2022-07-29,2022,7,95
aGBLRlLe7X8,Oriol Vinyals: Deep Learning and Artificial General Intelligence | Lex Fridman Podcast #306,2022-07-26,2022,7,91
WgytXF0SPh0,Bishop Robert Barron: Christianity and the Catholic Church | Lex Fridman Podcast #304,2022-07-20,2022,7,85
1XGiTDWfdpM,"Steve Keen: Marxism, Capitalism, and Economics | Lex Fridman Podcast #303",2022-07-17,2022,7,73
hppbxV9C63g,"Richard Haier: IQ Tests, Human Intelligence, and Group Differences | Lex Fridman Podcast #302",2022-07-14,2022,7,93
dSVLjAdo8UA,Jack Barsky: KGB Spy | Lex Fridman Podcast #301,2022-07-09,2022,7,47
gk4tEO4jDUM,"Joe Rogan: Comedy, Controversy, Aliens, UFOs, Putin, CIA, and Freedom | Lex Fridman Podcast #300",2022-07-04,2022,7,96
o0Bi-q89j5Y,Richard Wolff: Marxism and Communism | Lex Fridman Podcast #295,2022-06-17,2022,6,63
reYdQYZ9Rj4,Donald Hoffman: Reality is an Illusion - How Evolution Hid the Truth | Lex Fridman Podcast #293,2022-06-12,2022,6,95
jvGZkf87aCs,Dan Reynolds: Imagine Dragons | Lex Fridman Podcast #290,2022-05-30,2022,5,56
2a7CDKqWcZ0,"Stephen Kotkin: Putin, Stalin, Hitler, Zelenskyy, and War in Ukraine | Lex Fridman Podcast #289",2022-05-25,2022,5,95
tOTenjh_8hw,"Bobby Lee: Comedy, Skyrim, Sex Robots, Love, Fame, and Power | Lex Fridman Podcast #287",2022-05-20,2022,5,87
ygAqYC8JOQI,Oliver Stone: Vladimir Putin and War in Ukraine | Lex Fridman Podcast #286,2022-05-17,2022,5,74
gp4U5aH_T6A,"Saifedean Ammous: Bitcoin, Anarchy, and Austrian Economics | Lex Fridman Podcast #284",2022-05-11,2022,5,85
1C2tPFCGL1U,"Chris Mason: Space Travel, Colonization, and Long-Term Survival in Space | Lex Fridman Podcast #283",2022-05-08,2022,5,99
KMgPxVnKLSk,Cristiano Amon: Qualcomm CEO | Lex Fridman Podcast #280,2022-04-27,2022,4,55
mC43pZkpTec,"Michael Saylor: Bitcoin, Inflation, and the Future of Money | Lex Fridman Podcast #276",2022-04-14,2022,4,86
urdNsyZBqhQ,David Wolpe: Judaism | Lex Fridman Podcast #270,2022-03-16,2022,3,47
5zOHSysMmH0,"Mark Zuckerberg: Meta, Facebook, Instagram, and the Metaverse | Lex Fridman Podcast #267",2022-02-26,2022,2,88
hy2G3PhGm-g,Nicole Perlroth: Cybersecurity and the Weapons of Cyberwar | Lex Fridman Podcast #266,2022-02-20,2022,2,85
uTCc2-1tbBQ,Garry Nolan: UFOs and Aliens | Lex Fridman Podcast #262,2022-02-06,2022,2,55
BCdV6BMMpOo,"Philip Goff: Consciousness, Panpsychism, and the Philosophy of Mind | Lex Fridman Podcast #261",2022-02-03,2022,2,94
KdmDtqB46Jc,"Georges St-Pierre, John Danaher &amp; Gordon Ryan: The Greatest of All Time | Lex Fridman Podcast #260",2022-01-30,2022,1,102
3Z7WimACqG8,Thomas Tull: From Batman Dark Knight Trilogy to AI and The Rolling Stones | Lex Fridman Podcast #259,2022-01-26,2022,1,100
nhGwJLXzHs8,"Brian Keating: Cosmology, Astrophysics, Aliens &amp; Losing the Nobel Prize | Lex Fridman Podcast #257",2022-01-18,2022,1,102
DxREm3s1scA,"Elon Musk: SpaceX, Mars, Tesla Autopilot, Self-Driving, Robotics, and AI | Lex Fridman Podcast #252",2021-12-28,2021,12,99
TISMidxdZoc,"Ray Dalio: Money, Power, and the Collapse of Empires | Lex Fridman Podcast #251",2021-12-25,2021,12,79
X0-SXS6zdEQ,"Peter Wang: Python and the Source Code of Humans, Computers, and Reality | Lex Fridman Podcast #250",2021-12-23,2021,12,99
IbEUbykf9zw,David Goggins and Lex Fridman pushup challenge in Las Vegas,2021-12-20,2021,12,59
K78jqx9fx2I,Jamie Metzl: Lab Leak Theory | Lex Fridman Podcast #247,2021-12-08,2021,12,55
3pvpNKUPbIY,Kevin Systrom: Instagram | Lex Fridman Podcast #243,2021-11-23,2021,11,51
tApj7Q37P2k,Ben Askren: Wrestling and MMA | Lex Fridman Podcast #242,2021-11-20,2021,11,56
uy1fX2vOAEE,Jimmy Pedro: Judo and the Forging of Champions | Lex Fridman Podcast #236,2021-10-31,2021,10,73
kSbMU5CbFM0,"Alex Gladstein: Bitcoin, Authoritarianism, and Human Rights | Lex Fridman Podcast #231",2021-10-16,2021,10,86
Iau6W5pjy9Y,"RZA: Wu-Tang Clan, Kung Fu, Chess, God, Life, and Death | Lex Fridman Podcast #228",2021-10-05,2021,10,82
cC1HszE5Hcw,"Sean Kelly: Existentialism, Nihilism, and the Search for Meaning | Lex Fridman Podcast #227",2021-09-30,2021,9,91
gFEE3w7F0ww,"Travis Oliphant: NumPy, SciPy, Anaconda, Python &amp; Scientific Programming | Lex Fridman Podcast #224",2021-09-23,2021,9,103
uiNpESmPioQ,"Travis Stevens: Judo, Olympics, and Mental Toughness | Lex Fridman Podcast #223",2021-09-21,2021,9,79
3wMKoSRbGVs,Douglas Lenat: Cyc and the Quest to Solve Common Sense Reasoning in AI | Lex Fridman Podcast #221,2021-09-15,2021,9,97
EE1R8FYUJm0,"Donald Knuth: Programming, Algorithms, Hard Problems &amp; the Game of Life | Lex Fridman Podcast #219",2021-09-09,2021,9,102
nre0QT9LN6w,Rodney Brooks: Robotics | Lex Fridman Podcast #217,2021-09-03,2021,9,50
U5OD8MjYnOM,"Wojciech Zaremba: OpenAI Codex, GPT-3, Robotics, and the Future of AI | Lex Fridman Podcast #215",2021-08-29,2021,8,96
J48bm21q8_A,Barry Barish: Gravitational Waves and the Most Precise Device Ever Built | Lex Fridman Podcast #213,2021-08-23,2021,8,99
rIpUf-Vy2JA,"Joscha Bach: Nature of Reality, Dreams, and Consciousness | Lex Fridman Podcast #212",2021-08-21,2021,8,84
ABbDB6xri8o,Tesla AI Day Highlights | Lex Fridman,2021-08-20,2021,8,37
oYQh1ZNkC70,Brian Muraresku: The Secret History of Psychedelics | Lex Fridman Podcast #211,2021-08-15,2021,8,78
ndMahzDCH1Y,Luís and João Batalha: Fermat&#39;s Library and the Art of Studying Papers | Lex Fridman Podcast #209,2021-08-09,2021,8,101
e4Bet29PVPY,Chris Duffin: The Mad Scientist of Strength | Lex Fridman Podcast #207,2021-08-03,2021,8,70
j4_VyRDOmN4,Cumrun Vafa: String Theory | Lex Fridman Podcast #204,2021-07-26,2021,7,53
ew8U43IXTfk,Anya Fernald: Regenerative Farming and the Art of Cooking Meat | Lex Fridman Podcast #203,2021-07-23,2021,7,89
2tUiLxtrLxk,Rick Doblin: Psychedelics | Lex Fridman Podcast #202,2021-07-21,2021,7,52
R5rNoV1Qy_Q,Michael Malice: Totalitarianism and Anarchy | Lex Fridman Podcast #200,2021-07-15,2021,7,70
Udh22kuLebg,Roger Reaves: Smuggling Drugs for Pablo Escobar and the Medellin Cartel | Lex Fridman Podcast #199,2021-07-11,2021,7,98
-tDQ74I3Ovs,Sara Walker: The Origin of Life on Earth and Alien Worlds | Lex Fridman Podcast #198,2021-07-09,2021,7,84
n2RcVEftY48,"Jocko Willink: War, Leadership, and Discipline | Lex Fridman Podcast #197",2021-07-05,2021,7,73
TG6BuSjwP4o,"Bret Weinstein: Truth, Science, and Censorship in the Time of a Pandemic | Lex Fridman Podcast #194",2021-06-25,2021,6,99
jhKZIq3SlYE,David Sinclair: Extending the Human Lifespan Beyond 100 Years | Lex Fridman Podcast #189,2021-06-07,2021,6,88
XW0QZmtbjvs,Vitalik Buterin: Ethereum 2.0 | Lex Fridman Podcast #188,2021-06-03,2021,6,56
1YbcB6b4A2U,Bryan Johnson: Kernel Brain-Computer Interfaces | Lex Fridman Podcast #186,2021-05-24,2021,5,74
4dC_nRYIDZU,"Sam Harris: Consciousness, Free Will, Psychedelics, AI, UFOs, and Meaning | Lex Fridman Podcast #185",2021-05-20,2021,5,100
85F0FDsPHf8,"Katherine de Kleer: Planets, Moons, Asteroids &amp; Life in Our Solar System | Lex Fridman Podcast #184",2021-05-17,2021,5,103
6z1JwZbX4dQ,"Po-Shen Loh: Mathematics, Math Olympiad, Combinatorics &amp; Contact Tracing | Lex Fridman Podcast #183",2021-05-14,2021,5,103
USnqkUAr_3w,Jeremi Suri: History of American Power | Lex Fridman Podcast #180,2021-04-30,2021,4,65
Pl3x4GINtBQ,"Michael Malice and Yaron Brook: Ayn Rand, Human Nature, and Anarchy | Lex Fridman Podcast #178",2021-04-24,2021,4,94
7Grseeycor4,Tyler Cowen: Economic Growth &amp; the Fight Against Conformity &amp; Mediocrity | Lex Fridman Podcast #174,2021-04-10,2021,4,107
UOEpe17nPhE,Ryan Schiller: Librex and the Free Exchange of Ideas on College Campuses | Lex Fridman Podcast #172,2021-03-30,2021,3,99
grceJbuPUXI,"Saagar Enjeti: Politics, History, and Power | Lex Fridman Podcast #167",2021-03-14,2021,3,70
CejJ2aVRUE8,Natalya Bailey: Rocket Engines and Electric Spacecraft Propulsion | Lex Fridman Podcast #157,2021-02-01,2021,2,92
6ePR2TWYVkI,Lex Fridman: Ask Me Anything - AMA January 2021 | Lex Fridman Podcast,2021-01-27,2021,1,69
I51DuprOb0o,"Dmitry Korkin: Evolution of Proteins, Viruses, Life, and AI | Lex Fridman Podcast #153",2021-01-11,2021,1,86
P6prRXkI5HM,Dmitri Dolgov: Waymo and the Future of Self-Driving Cars | Lex Fridman Podcast #147,2020-12-20,2020,12,83
L-RuvUkcyJI,"Michael Mina: Rapid Testing, Viruses, and the Engineering Mindset | Lex Fridman Podcast #146",2020-12-19,2020,12,92
bgNzUxyS-kQ,"Manolis Kellis: Meaning of Life, the Universe, and Everything | Lex Fridman Podcast #142",2020-11-30,2020,11,88
S_AFc_BXht4,"Lisa Feldman Barrett: Love, Evolution, and the Human Brain | Lex Fridman Podcast #140",2020-11-20,2020,11,85
o2nG7-eXxko,"Eric Weinstein: On the Nature of Good and Evil, Genius and Madness | Lex Fridman Podcast #134",2020-10-30,2020,10,93
Aq9UPIXbtKI,Manolis Kellis: Biology of Disease | Lex Fridman Podcast #133,2020-10-25,2020,10,61
FKCJWkPehdY,"Joe Rogan: Fear, Love, Chaos, and the Joe Rogan Experience | Lex Fridman Podcast #127",2020-09-26,2020,9,85
IT__Nrr3PNI,"James Gosling: Java, JVM, Emacs, and the Early Days of Computing | Lex Fridman Podcast #126",2020-09-24,2020,9,91
t06rkOOUa7g,"Manolis Kellis: Origin of Life, Humans, Ideas, Suffering, and Happiness | Lex Fridman Podcast #123",2020-09-12,2020,9,98
A22Ej6kb2wo,"Russ Tedrake: Underactuated Robotics, Control, Dynamics and Touch | Lex Fridman Podcast #114",2020-08-09,2020,8,92
kpiY_LemaTc,GPT-3 vs Human Brain,2020-08-01,2020,8,20
kxi-_TT_-Nc,Sergey Levine: Robotics and Machine Learning | Lex Fridman Podcast #108,2020-07-14,2020,7,71
3t06ajvBtl0,"Matt Botvinick: Neuroscience, Psychology, and AI at DeepMind | Lex Fridman Podcast #106",2020-07-03,2020,7,87
k8Zomsf3uBI,You Are Your Own Existence Proof (Karl Friston) | AI Podcast Clips with Lex Fridman,2020-07-01,2020,7,83
9LQffCdHHlQ,Robert Langer: Edison of Medicine | Lex Fridman Podcast #105,2020-06-30,2020,6,60
naed4C4hfAg,David Patterson: Computer Architecture and Data Storage | Lex Fridman Podcast #104,2020-06-27,2020,6,82
tyrPMVMb-Uw,We exist inside the story that the brain tells itself (Joscha Bach) | AI Podcast Clips,2020-06-16,2020,6,86
8mixT5_U0hk,Happiness is a cookie that your brain bakes for itself (Joscha Bach) | AI Podcast Clips,2020-06-14,2020,6,87
P-2P3MSZrBM,Joscha Bach: Artificial Consciousness and the Nature of Reality | Lex Fridman Podcast #101,2020-06-13,2020,6,90
HhY95m-WD_E,Dawn Song: Adversarial Machine Learning and Computer Security | Lex Fridman Podcast #95,2020-05-12,2020,5,87
xoVibFYi1Gs,Language or Vision - What&#39;s Harder? (Ilya Sutskever) | AI Podcast Clips,2020-05-10,2020,5,75
8A-5gIW0-eI,Harry Cliff: Particle Physics and the Large Hadron Collider | Lex Fridman Podcast #92,2020-04-29,2020,4,85
nXwpiPybr0Q,Jack Dorsey: Yang Gang Forever | AI Podcast Clips,2020-04-25,2020,4,49
fgGZMRJ15oY,Eric Weinstein&#39;s Harvard Story - The System Breaks Down in Novel Situations | AI Podcast Clips,2020-04-17,2020,4,98
vdW9XDBuxjU,Geometric Unity - A Theory of Everything (Eric Weinstein) | AI Podcast Clips,2020-04-15,2020,4,76
e77NkSjnyH4,"AlphaZero and Self Play (David Silver, DeepMind) | AI Podcast Clips",2020-04-04,2020,4,67
_TTNGq9djU4,"Simon Sinek: Leadership, Hard Work, Optimism and the Infinite Game | Lex Fridman Podcast #82",2020-03-21,2020,3,92
mKtsM2vv0DA,Who is Satoshi Nakamoto? (Vitalik Buterin) | AI Podcast Clips,2020-03-18,2020,3,61
DKyzcbNr8WE,John Hopfield: Physics View of the Mind and Neurobiology | Lex Fridman Podcast #76,2020-02-29,2020,2,82
1k37OcjH7BM,Andrew Ng: Advice on Getting Started in Deep Learning | AI Podcast Clips,2020-02-21,2020,2,72
9mL26U3GGcc,Ray Dalio: Work-Life Balance and the Arc of Life | AI Podcast Clips,2019-12-08,2019,12,67
_tg9F5_P3CY,Ray Dalio: Idea Meritocracy | AI Podcast Clips,2019-12-06,2019,12,46
0-3kw5BEKB8,"Whitney Cummings: Comedy, Robotics, Neurology, and Love | Lex Fridman Podcast #55",2019-12-05,2019,12,81
Rh7tHge2Ymw,"Ray Dalio: Madness, Genius, and the Call for Adventure",2019-12-03,2019,12,54
zk2exSZlR1Y,Ray Dalio: Uncertainty and the Abyss,2019-12-03,2019,12,36
M95m2EFb7IQ,"Ray Dalio: Principles, the Economic Machine, AI &amp; the Arc of Life | Lex Fridman Podcast #54",2019-12-02,2019,12,95
MRcrJHxhWMY,Noam Chomsky: Deepest Property of Language,2019-11-30,2019,11,42
cMscNuSUy0I,"Noam Chomsky: Language, Cognition, and Deep Learning | Lex Fridman Podcast #53",2019-11-29,2019,11,78
Go7sw_plJwA,Gilbert Strang: Why People Like Math,2019-11-28,2019,11,36
YPe5OP7Clv4,Gilbert Strang: Singular Value Decomposition,2019-11-28,2019,11,44
Lz_WksheWqc,Gilbert Strang: MIT OpenCourseWare (OCW),2019-11-27,2019,11,40
kEaX2DAjol8,Dava Newman: Space Suit of the Future,2019-11-23,2019,11,37
tHldJ8-I1NE,Dava Newman: Life on Mars and Beyond,2019-11-23,2019,11,36
2fI6bYnRgSc,"Dava Newman: Space Exploration, Space Suits, and Life on Mars | Lex Fridman Podcast #51",2019-11-22,2019,11,87
vaFhEgLoUe0,Michael Kearns: Differential Privacy,2019-11-21,2019,11,36
6CTJMx64Vbw,Elon Musk: Understanding the Human Brain at Neuralink,2019-11-17,2019,11,53
1soLVufJWLU,Elon Musk: Perception vs Control - What&#39;s Harder?,2019-11-16,2019,11,53
smK9dgdTl40,"Elon Musk: Neuralink, AI, Autopilot, and the Pale Blue Dot | Lex Fridman Podcast #49",2019-11-12,2019,11,84
Dnj0rnlV2aA,Sean Carroll: What is Quantum Entanglement?,2019-11-11,2019,11,43
fjIhFzTUB9I,"Bjarne Stroustrup: Deep Learning, Software 2.0, and Fuzzy Programming",2019-11-09,2019,11,69
G5zCGY0tkq8,Bjarne Stroustrup: C++ Zero-Overhead Principle and Object-Oriented Programming,2019-11-08,2019,11,78
uTxRF5ag27A,Bjarne Stroustrup: C++ | Lex Fridman Podcast #48,2019-11-07,2019,11,48
9GV4QmQWJGU,Sean Carroll: Hilbert Space and Infinity,2019-11-06,2019,11,40
F0UjC6wfqmc,Sean Carroll: Perception vs Reality,2019-11-05,2019,11,35
ZR3xQ7ouPew,Sean Carroll: Quantum Gravity | AI Podcast Clips,2019-11-02,2019,11,48
